
{
  "version": 2,
  "builds": [
    { "src": "index.html", "use": "@vercel/static-build", "config": { "distDir": "dist" } }
  ],
  "framework": "vite",
  "devCommand": "npm run dev",
  "buildCommand": "npm run build",
  "env": {
    "VITE_FIREBASE_API_KEY": "@vite_firebase_api_key",
    "VITE_FIREBASE_AUTH_DOMAIN": "@vite_firebase_auth_domain",
    "VITE_FIREBASE_PROJECT_ID": "@vite_firebase_project_id",
    "VITE_FIREBASE_APP_ID": "@vite_firebase_app_id",
    "VITE_SERVER_BASE_URL": "@vite_server_base_url"
  }
}
